{ 
    "_id" : ObjectId("5e4fd031392c022514c5122e"), 
    "siteId" : "5a751fab6abb5044e0d19ea1", 
    "pageName" : "index_banner.html", 
    "pageAliase" : "轮播图", 
    "pageWebPath" : "轮播图", 
    "pageParameter" : "", 
    "pagePhysicalPath" : "/include/", 
    "pageType" : "0", 
    "pageCreateTime" : ISODate("2020-02-21T12:41:59.716+0000"), 
    "templateId" : "5e4fcf45392c02403c3fbbcc", 
    "htmlFileId" : "5e5a66b4a6a4ac42185d56c3", 
    "dataUrl" : "http://localhost:31001/cms/config/getModel/5a791725dd573c3574ee333f", 
    "_class" : "com.xuecheng.framework.domain.cms.CmsPage"
}
{ 
    "_id" : ObjectId("5e5b6aefa6a4ac40046c05ed"), 
    "siteId" : "5e5b6b8aa6a4ac40046c05ee", 
    "pageName" : "297e7c7c62b888f00162b8a7dec20000.html", 
    "pageAliase" : "无敌进阶Java", 
    "pageWebPath" : "/course/detail/", 
    "pageParameter" : "", 
    "pagePhysicalPath" : "/course/detail/", 
    "pageType" : "0", 
    "pageCreateTime" : ISODate("2020-02-21T12:41:59.716+0000"), 
    "templateId" : "5e5a72e4a6a4ac414c52ed7a", 
    "htmlFileId" : "5e63a031a6a4ac57c8aa9209", 
    "dataUrl" : "http://localhost:31200/course/courseview/297e7c7c62b888f00162b8a7dec20000", 
    "_class" : "com.xuecheng.framework.domain.cms.CmsPage"
}
{ 
    "_id" : ObjectId("5e5fb011a6a4ac48c4369b81"), 
    "siteId" : "5e5b6b8aa6a4ac40046c05ee", 
    "pageName" : "402885816243d2dd016243f24c030002.html", 
    "pageAliase" : "大数据", 
    "pageWebPath" : "/course/detail/", 
    "pagePhysicalPath" : "/course/detail/", 
    "templateId" : "5e5a72e4a6a4ac414c52ed7a", 
    "htmlFileId" : "5e6cf9e2a6a4ac4a3cc4bc96", 
    "dataUrl" : "http://localhost:31200/course/courseview/402885816243d2dd016243f24c030002", 
    "_class" : "com.xuecheng.framework.domain.cms.CmsPage"
}
{ 
    "_id" : ObjectId("5e5fb04fa6a4ac48c4369b84"), 
    "siteId" : "5e5b6b8aa6a4ac40046c05ee", 
    "pageName" : "4028858162e0bc0a0162e0bfdf1a0000.html", 
    "pageAliase" : "人工智能+python", 
    "pageWebPath" : "/course/detail/", 
    "pagePhysicalPath" : "/course/detail/", 
    "templateId" : "5e5a72e4a6a4ac414c52ed7a", 
    "htmlFileId" : "5e5fb04fa6a4ac48c4369b85", 
    "dataUrl" : "http://localhost:31200/course/courseview/4028858162e0bc0a0162e0bfdf1a0000", 
    "_class" : "com.xuecheng.framework.domain.cms.CmsPage"
}
{ 
    "_id" : ObjectId("5e5fb057a6a4ac48c4369b87"), 
    "siteId" : "5e5b6b8aa6a4ac40046c05ee", 
    "pageName" : "4028b8817081b3c8017081b443fa0000.html", 
    "pageAliase" : "0226测试", 
    "pageWebPath" : "/course/detail/", 
    "pagePhysicalPath" : "/course/detail/", 
    "templateId" : "5e5a72e4a6a4ac414c52ed7a", 
    "htmlFileId" : "5e5fb057a6a4ac48c4369b88", 
    "dataUrl" : "http://localhost:31200/course/courseview/4028b8817081b3c8017081b443fa0000", 
    "_class" : "com.xuecheng.framework.domain.cms.CmsPage"
}
{ 
    "_id" : ObjectId("5e5fb05da6a4ac48c4369b8a"), 
    "siteId" : "5e5b6b8aa6a4ac40046c05ee", 
    "pageName" : "4028e581617f945f01617f9dabc40000.html", 
    "pageAliase" : "Bootstrap开发框架", 
    "pageWebPath" : "/course/detail/", 
    "pagePhysicalPath" : "/course/detail/", 
    "templateId" : "5e5a72e4a6a4ac414c52ed7a", 
    "htmlFileId" : "5e5fb05da6a4ac48c4369b8b", 
    "dataUrl" : "http://localhost:31200/course/courseview/4028e581617f945f01617f9dabc40000", 
    "_class" : "com.xuecheng.framework.domain.cms.CmsPage"
}
{ 
    "_id" : ObjectId("5e5fb061a6a4ac48c4369b8d"), 
    "siteId" : "5e5b6b8aa6a4ac40046c05ee", 
    "pageName" : "4028e58161bcf7f40161bcf8b77c0000.html", 
    "pageAliase" : "spring cloud实战", 
    "pageWebPath" : "/course/detail/", 
    "pagePhysicalPath" : "/course/detail/", 
    "templateId" : "5e5a72e4a6a4ac414c52ed7a", 
    "htmlFileId" : "5e5fb061a6a4ac48c4369b8e", 
    "dataUrl" : "http://localhost:31200/course/courseview/4028e58161bcf7f40161bcf8b77c0000", 
    "_class" : "com.xuecheng.framework.domain.cms.CmsPage"
}
{ 
    "_id" : ObjectId("5e5fb066a6a4ac48c4369b90"), 
    "siteId" : "5e5b6b8aa6a4ac40046c05ee", 
    "pageName" : "4028e58161bd22e60161bd23672a0001.html", 
    "pageAliase" : "Javascript之VueJS", 
    "pageWebPath" : "/course/detail/", 
    "pagePhysicalPath" : "/course/detail/", 
    "templateId" : "5e5a72e4a6a4ac414c52ed7a", 
    "htmlFileId" : "5e5fb066a6a4ac48c4369b91", 
    "dataUrl" : "http://localhost:31200/course/courseview/4028e58161bd22e60161bd23672a0001", 
    "_class" : "com.xuecheng.framework.domain.cms.CmsPage"
}
{ 
    "_id" : ObjectId("5e5fb06ba6a4ac48c4369b93"), 
    "siteId" : "5e5b6b8aa6a4ac40046c05ee", 
    "pageName" : "4028e58161bd3b380161bd3bcd2f0000.html", 
    "pageAliase" : "Redis从入门到项目实战", 
    "pageWebPath" : "/course/detail/", 
    "pagePhysicalPath" : "/course/detail/", 
    "templateId" : "5e5a72e4a6a4ac414c52ed7a", 
    "htmlFileId" : "5e5fb06ba6a4ac48c4369b94", 
    "dataUrl" : "http://localhost:31200/course/courseview/4028e58161bd3b380161bd3bcd2f0000", 
    "_class" : "com.xuecheng.framework.domain.cms.CmsPage"
}
{ 
    "_id" : ObjectId("5e5fb187a6a4ac48c4369b96"), 
    "siteId" : "5e5b6b8aa6a4ac40046c05ee", 
    "pageName" : "40281f81640220d601640222665b0001.html", 
    "pageAliase" : "java零基础入门", 
    "pageWebPath" : "/course/detail/", 
    "pagePhysicalPath" : "/course/detail/", 
    "templateId" : "5e5a72e4a6a4ac414c52ed7a", 
    "htmlFileId" : "5e5fb187a6a4ac48c4369b97", 
    "dataUrl" : "http://localhost:31200/course/courseview/40281f81640220d601640222665b0001", 
    "_class" : "com.xuecheng.framework.domain.cms.CmsPage"
}
