{ 
    "_id" : "group1/M00/00/01/wKhlQFp5fGiAUSkDAAARA0xqVgo187.png", 
    "_class" : "com.xuecheng.framework.domain.filesystem.FileSystem", 
    "filePath" : "group1/M00/00/01/wKhlQFp5fGiAUSkDAAARA0xqVgo187.png", 
    "fileSize" : NumberLong(4355), 
    "fileName" : "asset-logo.png", 
    "fileType" : "image/png", 
    "fileWidth" : NumberInt(0), 
    "fileHeight" : NumberInt(0)
}
{ 
    "_id" : "group1/M00/00/01/wKhlQVp5r3WAJlBmAAFEl8syKxg506.jpg", 
    "_class" : "com.xuecheng.framework.domain.filesystem.FileSystem", 
    "filePath" : "group1/M00/00/01/wKhlQVp5r3WAJlBmAAFEl8syKxg506.jpg", 
    "fileSize" : NumberLong(83095), 
    "fileName" : "1.jpg", 
    "fileType" : "image/jpeg", 
    "fileWidth" : NumberInt(0), 
    "fileHeight" : NumberInt(0)
}
{ 
    "_id" : "group1/M00/00/01/wKhlQFp5wnCAG-kAAATMXxpSaMg864.png", 
    "_class" : "com.xuecheng.framework.domain.filesystem.FileSystem", 
    "filePath" : "group1/M00/00/01/wKhlQFp5wnCAG-kAAATMXxpSaMg864.png", 
    "fileSize" : NumberLong(314463), 
    "fileName" : "轮播图1", 
    "fileType" : "image/png", 
    "fileWidth" : NumberInt(0), 
    "fileHeight" : NumberInt(0)
}
{ 
    "_id" : "group1/M00/00/01/wKhlQVp5wqyALcrGAAGUeHA3nvU867.jpg", 
    "_class" : "com.xuecheng.framework.domain.filesystem.FileSystem", 
    "filePath" : "group1/M00/00/01/wKhlQVp5wqyALcrGAAGUeHA3nvU867.jpg", 
    "fileSize" : NumberLong(103544), 
    "fileName" : "轮播图2", 
    "fileType" : "image/jpeg", 
    "fileWidth" : NumberInt(0), 
    "fileHeight" : NumberInt(0)
}
{ 
    "_id" : "group1/M00/00/01/wKhlQFp5wtWAWNY2AAIkOHlpWcs395.jpg", 
    "_class" : "com.xuecheng.framework.domain.filesystem.FileSystem", 
    "filePath" : "group1/M00/00/01/wKhlQFp5wtWAWNY2AAIkOHlpWcs395.jpg", 
    "fileSize" : NumberLong(140344), 
    "fileName" : "轮播图3", 
    "fileType" : "image/jpeg", 
    "fileWidth" : NumberInt(0), 
    "fileHeight" : NumberInt(0)
}
{ 
    "_id" : "group1/M00/00/01/wKhlQFp90fWAcTlWAAAWh_Cdpwo415.jpg", 
    "_class" : "com.xuecheng.framework.domain.filesystem.FileSystem", 
    "filePath" : "group1/M00/00/01/wKhlQFp90fWAcTlWAAAWh_Cdpwo415.jpg", 
    "fileSize" : NumberLong(5767), 
    "fileName" : "asset-myImg.jpg", 
    "fileType" : "image/jpeg", 
    "fileWidth" : NumberInt(0), 
    "fileHeight" : NumberInt(0)
}
{ 
    "_id" : "group1/M00/00/01/wKhlQFp_FLSAMe45AAAWh_Cdpwo126.jpg", 
    "_class" : "com.xuecheng.framework.domain.filesystem.FileSystem", 
    "filePath" : "group1/M00/00/01/wKhlQFp_FLSAMe45AAAWh_Cdpwo126.jpg", 
    "fileSize" : NumberLong(5767), 
    "fileName" : "asset-myImg.jpg", 
    "fileType" : "image/jpeg", 
    "fileWidth" : NumberInt(0), 
    "fileHeight" : NumberInt(0)
}
{ 
    "_id" : "group1/M00/00/01/wKhlQFp_FL2AStuHAAEW2hI5LoU478.jpg", 
    "_class" : "com.xuecheng.framework.domain.filesystem.FileSystem", 
    "filePath" : "group1/M00/00/01/wKhlQFp_FL2AStuHAAEW2hI5LoU478.jpg", 
    "fileSize" : NumberLong(71386), 
    "fileName" : "page-1.jpg", 
    "fileType" : "image/jpeg", 
    "fileWidth" : NumberInt(0), 
    "fileHeight" : NumberInt(0)
}
{ 
    "_id" : "group1/M00/00/01/wKhlQFqJa8OAEyYiAAAarIncfNo528.png", 
    "_class" : "com.xuecheng.framework.domain.filesystem.FileSystem", 
    "filePath" : "group1/M00/00/01/wKhlQFqJa8OAEyYiAAAarIncfNo528.png", 
    "fileSize" : NumberLong(6828), 
    "fileName" : "asset-logoIco.png", 
    "fileType" : "image/png", 
    "fileWidth" : NumberInt(0), 
    "fileHeight" : NumberInt(0)
}
{ 
    "_id" : "group1/M00/00/01/wKhlQFqO0OGAFyhGAAA-8SWa8Qc537.jpg", 
    "_class" : "com.xuecheng.framework.domain.filesystem.FileSystem", 
    "filePath" : "group1/M00/00/01/wKhlQFqO0OGAFyhGAAA-8SWa8Qc537.jpg", 
    "fileSize" : NumberLong(16113), 
    "fileName" : "201701011010505271.jpg", 
    "fileType" : "image/jpeg", 
    "fileWidth" : NumberInt(0), 
    "fileHeight" : NumberInt(0)
}
{ 
    "_id" : "group1/M00/00/01/wKhlQFqO1auAHnzuAAArlhJed-w700.jpg", 
    "_class" : "com.xuecheng.framework.domain.filesystem.FileSystem", 
    "filePath" : "group1/M00/00/01/wKhlQFqO1auAHnzuAAArlhJed-w700.jpg", 
    "fileSize" : NumberLong(11158), 
    "fileName" : "201710152042568107.jpg", 
    "fileType" : "image/jpeg", 
    "fileWidth" : NumberInt(0), 
    "fileHeight" : NumberInt(0)
}
{ 
    "_id" : "group1/M00/00/01/wKhlQFqO2HqAA6sPAAArlhJed-w088.jpg", 
    "_class" : "com.xuecheng.framework.domain.filesystem.FileSystem", 
    "filePath" : "group1/M00/00/01/wKhlQFqO2HqAA6sPAAArlhJed-w088.jpg", 
    "fileSize" : NumberLong(11158), 
    "fileName" : "201710152042568107.jpg", 
    "fileType" : "image/jpeg", 
    "fileWidth" : NumberInt(0), 
    "fileHeight" : NumberInt(0)
}
{ 
    "_id" : "group1/M00/00/01/wKhlQFqO4MmAOP53AAAcwDwm6SU490.jpg", 
    "_class" : "com.xuecheng.framework.domain.filesystem.FileSystem", 
    "filePath" : "group1/M00/00/01/wKhlQFqO4MmAOP53AAAcwDwm6SU490.jpg", 
    "fileSize" : NumberLong(7360), 
    "fileName" : "201610311413594027.jpg", 
    "fileType" : "image/jpeg", 
    "fileWidth" : NumberInt(0), 
    "fileHeight" : NumberInt(0)
}
{ 
    "_id" : "group1/M00/00/01/wKhlQFqO5yqAQMozAAAqor3lyz0082.jpg", 
    "_class" : "com.xuecheng.framework.domain.filesystem.FileSystem", 
    "filePath" : "group1/M00/00/01/wKhlQFqO5yqAQMozAAAqor3lyz0082.jpg", 
    "fileSize" : NumberLong(10914), 
    "fileName" : "u=401258096,1176801734&fm=72.jpg", 
    "fileType" : "image/jpeg", 
    "fileWidth" : NumberInt(0), 
    "fileHeight" : NumberInt(0)
}
{ 
    "_id" : "group1/M00/00/02/wKhlQFrPnvuAKNQLAALcAg10vf4977.png", 
    "_class" : "com.xuecheng.framework.domain.filesystem.FileSystem", 
    "filePath" : "group1/M00/00/02/wKhlQFrPnvuAKNQLAALcAg10vf4977.png", 
    "fileSize" : NumberLong(187394), 
    "fileName" : "1.png", 
    "fileType" : "image/png", 
    "fileWidth" : NumberInt(0), 
    "fileHeight" : NumberInt(0)
}
{ 
    "_id" : "0be04ada6a63dbbcb1cb25407da08215", 
    "_class" : "com.xuecheng.framework.domain.filesystem.FileSystem", 
    "filePath" : "group1/M00/00/02/wKhlQFrQfNqAL0d_AALDG1Ia4xE439.png", 
    "fileSize" : NumberLong(181019), 
    "fileName" : "1523146408290.png", 
    "fileType" : "image/png", 
    "fileWidth" : NumberInt(0), 
    "fileHeight" : NumberInt(0), 
    "userId" : "49", 
    "businesskey" : "297e7c7c62b888f00162b8a7dec20000", 
    "metadata" : {
        "width" : "44", 
        "height" : "44"
    }
}
