{ 
    "_id" : ObjectId("5e4e80fc392c02477c5df312"), 
    "filename" : "index_banner.ftl", 
    "length" : NumberLong(2511), 
    "chunkSize" : NumberInt(261120), 
    "uploadDate" : ISODate("2020-02-20T12:52:12.353+0000"), 
    "md5" : "cad722223551c14ab3c1830280c79118"
}
{ 
    "_id" : ObjectId("5e5a727ca6a4ac0f7c7f18fa"), 
    "filename" : "course.ftl", 
    "length" : NumberLong(41369), 
    "chunkSize" : NumberInt(261120), 
    "uploadDate" : ISODate("2020-02-29T14:17:32.754+0000"), 
    "md5" : "e822ce22ae1c4f1a579f7826c08c532a"
}
{ 
    "_id" : ObjectId("5e5fb04fa6a4ac48c4369b85"), 
    "filename" : "4028858162e0bc0a0162e0bfdf1a0000.html", 
    "length" : NumberLong(39999), 
    "chunkSize" : NumberInt(261120), 
    "uploadDate" : ISODate("2020-03-04T13:42:39.924+0000"), 
    "md5" : "7c7dfbfe19fdbca4feeaf11403850d1f"
}
{ 
    "_id" : ObjectId("5e5fb057a6a4ac48c4369b88"), 
    "filename" : "4028b8817081b3c8017081b443fa0000.html", 
    "length" : NumberLong(39940), 
    "chunkSize" : NumberInt(261120), 
    "uploadDate" : ISODate("2020-03-04T13:42:47.830+0000"), 
    "md5" : "5dcc521046dd1ab2f6a6381b3d09715d"
}
{ 
    "_id" : ObjectId("5e5fb05da6a4ac48c4369b8b"), 
    "filename" : "4028e581617f945f01617f9dabc40000.html", 
    "length" : NumberLong(43595), 
    "chunkSize" : NumberInt(261120), 
    "uploadDate" : ISODate("2020-03-04T13:42:53.447+0000"), 
    "md5" : "c53c9be65edda6be8322db0a1066a196"
}
{ 
    "_id" : ObjectId("5e5fb061a6a4ac48c4369b8e"), 
    "filename" : "4028e58161bcf7f40161bcf8b77c0000.html", 
    "length" : NumberLong(42986), 
    "chunkSize" : NumberInt(261120), 
    "uploadDate" : ISODate("2020-03-04T13:42:57.493+0000"), 
    "md5" : "fe63097e1e13817e410e9c671fdbffaa"
}
{ 
    "_id" : ObjectId("5e5fb066a6a4ac48c4369b91"), 
    "filename" : "4028e58161bd22e60161bd23672a0001.html", 
    "length" : NumberLong(42119), 
    "chunkSize" : NumberInt(261120), 
    "uploadDate" : ISODate("2020-03-04T13:43:02.640+0000"), 
    "md5" : "df0fde315e12e7dfa19d53cf1a448b69"
}
{ 
    "_id" : ObjectId("5e5fb06ba6a4ac48c4369b94"), 
    "filename" : "4028e58161bd3b380161bd3bcd2f0000.html", 
    "length" : NumberLong(43088), 
    "chunkSize" : NumberInt(261120), 
    "uploadDate" : ISODate("2020-03-04T13:43:07.921+0000"), 
    "md5" : "4c0da435c8160de40ea6d74233d2715d"
}
{ 
    "_id" : ObjectId("5e5fb187a6a4ac48c4369b97"), 
    "filename" : "40281f81640220d601640222665b0001.html", 
    "length" : NumberLong(40040), 
    "chunkSize" : NumberInt(261120), 
    "uploadDate" : ISODate("2020-03-04T13:47:51.156+0000"), 
    "md5" : "3d67009d17361bcf878fb3de12951240"
}
{ 
    "_id" : ObjectId("5e63a031a6a4ac57c8aa9209"), 
    "filename" : "297e7c7c62b888f00162b8a7dec20000.html", 
    "length" : NumberLong(41743), 
    "chunkSize" : NumberInt(261120), 
    "uploadDate" : ISODate("2020-03-07T13:22:57.095+0000"), 
    "md5" : "197966fc070097ebf9c8be99f4ef4208"
}
{ 
    "_id" : ObjectId("5e6cf9e2a6a4ac4a3cc4bc96"), 
    "filename" : "402885816243d2dd016243f24c030002.html", 
    "length" : NumberLong(40743), 
    "chunkSize" : NumberInt(261120), 
    "uploadDate" : ISODate("2020-03-14T15:36:02.592+0000"), 
    "md5" : "0fc2bf6793ad37e3b005f870e4798bd2"
}
