{ 
    "_id" : ObjectId("5a7d50bdd019f150f4ab8ef7"), 
    "d_name" : "文件类型", 
    "d_type" : "100", 
    "d_value" : [
        {
            "sd_name" : "cms配置图片", 
            "sd_id" : "100001", 
            "sd_status" : "1"
        }, 
        {
            "sd_name" : "课程图片", 
            "sd_id" : "100002", 
            "sd_status" : "1"
        }
    ]
}
{ 
    "_id" : ObjectId("5a7e8d2dd019f15418fa2b71"), 
    "d_name" : "课程等级", 
    "d_type" : "200", 
    "d_value" : [
        {
            "sd_name" : "低级", 
            "sd_id" : "200001", 
            "sd_status" : "1"
        }, 
        {
            "sd_name" : "中级", 
            "sd_id" : "200002", 
            "sd_status" : "1"
        }, 
        {
            "sd_name" : "高级", 
            "sd_id" : "200003", 
            "sd_status" : "1"
        }
    ]
}
{ 
    "_id" : ObjectId("5a7e8d7ad019f15418fa2b74"), 
    "d_name" : "学习模式", 
    "d_type" : "201", 
    "d_value" : [
        {
            "sd_name" : "自由学习", 
            "sd_id" : "201001", 
            "sd_status" : "1"
        }, 
        {
            "sd_name" : "任务式学习", 
            "sd_id" : "201002", 
            "sd_status" : "1"
        }
    ]
}
{ 
    "_id" : ObjectId("5a7ebf75d019f15418fa2b7e"), 
    "d_name" : "课程状态", 
    "d_type" : "202", 
    "d_value" : [
        {
            "sd_name" : "制作中", 
            "sd_id" : "202001", 
            "sd_status" : "1"
        }, 
        {
            "sd_name" : "已发布", 
            "sd_id" : "202002", 
            "sd_status" : "1"
        }, 
        {
            "sd_name" : "已下线", 
            "sd_id" : "202003", 
            "sd_status" : "1"
        }
    ]
}
{ 
    "_id" : ObjectId("5a7f1718d019f15418fa2b94"), 
    "d_name" : "课程收费规则", 
    "d_type" : "203", 
    "d_value" : [
        {
            "sd_name" : "免费", 
            "sd_id" : "203001", 
            "sd_status" : "1"
        }, 
        {
            "sd_name" : "收费", 
            "sd_id" : "203002", 
            "sd_status" : "1"
        }
    ]
}
{ 
    "_id" : ObjectId("5a7f1757d019f15418fa2b96"), 
    "d_name" : "课程有效性", 
    "d_type" : "204", 
    "d_value" : [
        {
            "sd_name" : "永久有效", 
            "sd_id" : "204001", 
            "sd_status" : "1"
        }, 
        {
            "sd_name" : "指定时间段", 
            "sd_id" : "204002", 
            "sd_status" : "1"
        }
    ]
}
{ 
    "_id" : ObjectId("5a9d0c27a025142d3cf22c5e"), 
    "d_name" : "媒资文件状态", 
    "d_type" : "301", 
    "d_value" : [
        {
            "sd_name" : "未上传", 
            "sd_id" : "301001", 
            "sd_status" : "1"
        }, 
        {
            "sd_name" : "上传成功", 
            "sd_id" : "301002", 
            "sd_status" : "1"
        }, 
        {
            "sd_name" : "上传失败", 
            "sd_id" : "301003", 
            "sd_status" : "1"
        }
    ]
}
{ 
    "_id" : ObjectId("5a9d0d0aa025142d3cf22c5f"), 
    "d_name" : "媒资视频处理状态", 
    "d_type" : "303", 
    "d_value" : [
        {
            "sd_name" : "处理中", 
            "sd_id" : "303001", 
            "sd_status" : "1"
        }, 
        {
            "sd_name" : "处理成功", 
            "sd_id" : "303002", 
            "sd_status" : "1"
        }, 
        {
            "sd_name" : "处理失败", 
            "sd_id" : "303003", 
            "sd_status" : "1"
        }, 
        {
            "sd_name" : "无需处理", 
            "sd_id" : "303004", 
            "sd_status" : "1"
        }
    ]
}
{ 
    "_id" : ObjectId("5a9d0d92a025142d3cf22c61"), 
    "d_name" : "媒资视频处理类型", 
    "d_type" : "302", 
    "d_value" : [
        {
            "sd_name" : "不处理", 
            "sd_id" : "302001", 
            "sd_status" : "1"
        }, 
        {
            "sd_name" : "生成HLS", 
            "sd_id" : "302002", 
            "sd_status" : "1"
        }
    ]
}
{ 
    "_id" : ObjectId("5ab1ae06f7511c3398f4bb96"), 
    "d_name" : "工作性质", 
    "d_type" : "102", 
    "d_value" : [
        {
            "sd_name" : "个体", 
            "sd_id" : "102001", 
            "sd_status" : "1"
        }, 
        {
            "sd_name" : "公司", 
            "sd_id" : "102002", 
            "sd_status" : "1"
        }
    ]
}
{ 
    "_id" : ObjectId("5ab6f74bf7511c5cecdc66a6"), 
    "d_name" : "用户类型", 
    "d_type" : "101", 
    "d_value" : [
        {
            "sd_name" : "学生", 
            "sd_id" : "101001", 
            "sd_status" : "1"
        }, 
        {
            "sd_name" : "教学管理员", 
            "sd_id" : "101002", 
            "sd_status" : "1"
        }, 
        {
            "sd_name" : "系统管理员", 
            "sd_id" : "101003", 
            "sd_status" : "1"
        }
    ]
}
{ 
    "_id" : ObjectId("5ab6f8d7f7511c5cecdc66a7"), 
    "d_name" : "用户状态", 
    "d_type" : "103", 
    "d_value" : [
        {
            "sd_name" : "正常", 
            "sd_id" : "103001", 
            "sd_status" : "1"
        }, 
        {
            "sd_name" : "暂停", 
            "sd_id" : "103002", 
            "sd_status" : "1"
        }, 
        {
            "sd_name" : "注销", 
            "sd_id" : "103003", 
            "sd_status" : "1"
        }
    ]
}
{ 
    "_id" : ObjectId("5ab6f906f7511c5cecdc66a8"), 
    "d_name" : "企业状态", 
    "d_type" : "104", 
    "d_value" : [
        {
            "sd_name" : "正常", 
            "sd_id" : "104001", 
            "sd_status" : "1"
        }, 
        {
            "sd_name" : "暂停", 
            "sd_id" : "104002", 
            "sd_status" : "1"
        }, 
        {
            "sd_name" : "注销", 
            "sd_id" : "104003", 
            "sd_status" : "1"
        }
    ]
}
{ 
    "_id" : ObjectId("5ab9fe865b05aa3a5410c44d"), 
    "d_name" : "订单状态", 
    "d_type" : "401", 
    "d_value" : [
        {
            "sd_name" : "未付款", 
            "sd_id" : "401001", 
            "sd_status" : "1"
        }, 
        {
            "sd_name" : "已完成", 
            "sd_id" : "401002", 
            "sd_status" : "1"
        }, 
        {
            "sd_name" : "已取消", 
            "sd_id" : "401003", 
            "sd_status" : "1"
        }
    ]
}
{ 
    "_id" : ObjectId("5ab9feef5b05aa3a5410c44f"), 
    "d_name" : "支付状态", 
    "d_type" : "402", 
    "d_value" : [
        {
            "sd_name" : "未支付", 
            "sd_id" : "402001", 
            "sd_status" : "1"
        }, 
        {
            "sd_name" : "支付成功", 
            "sd_id" : "402002", 
            "sd_status" : "1"
        }, 
        {
            "sd_name" : "已关闭", 
            "sd_id" : "402003", 
            "sd_status" : "1"
        }, 
        {
            "sd_name" : "支付失败", 
            "sd_id" : "402004", 
            "sd_status" : "1"
        }
    ]
}
{ 
    "_id" : ObjectId("5ab9ff4f5b05aa3a5410c451"), 
    "d_name" : "选课状态", 
    "d_type" : "501", 
    "d_value" : [
        {
            "sd_name" : "正常", 
            "sd_id" : "501001", 
            "sd_status" : "1"
        }, 
        {
            "sd_name" : "结束", 
            "sd_id" : "501002", 
            "sd_status" : "1"
        }, 
        {
            "sd_name" : "取消", 
            "sd_id" : "501003", 
            "sd_status" : "1"
        }, 
        {
            "sd_name" : "未选课", 
            "sd_id" : "501004", 
            "sd_status" : "1"
        }
    ]
}
{ 
    "_id" : ObjectId("5aba42b45b05aa3a5410c454"), 
    "d_name" : "支付类型", 
    "d_type" : "403", 
    "d_value" : [
        {
            "sd_name" : "微信", 
            "sd_id" : "403001", 
            "sd_status" : "1"
        }, 
        {
            "sd_name" : "支付宝", 
            "sd_id" : "403002", 
            "sd_status" : "1"
        }, 
        {
            "sd_name" : "银联", 
            "sd_id" : "403003", 
            "sd_status" : "1"
        }
    ]
}
{ 
    "_id" : ObjectId("5ac471da5b05aa2ebcfce701"), 
    "d_name" : "任务状态", 
    "d_type" : "105", 
    "d_value" : [
        {
            "sd_name" : "未执行", 
            "sd_id" : "105001", 
            "sd_status" : "1"
        }, 
        {
            "sd_name" : "完成", 
            "sd_id" : "105002", 
            "sd_status" : "1"
        }, 
        {
            "sd_name" : "错误", 
            "sd_id" : "105003", 
            "sd_status" : "1"
        }
    ]
}
{ 
    "_id" : ObjectId("5ad0204768db5200c84aee98"), 
    "d_name" : "文件系统的文件类型", 
    "d_type" : "303", 
    "d_value" : [
        {
            "sd_name" : "图片", 
            "sd_id" : "303001", 
            "sd_status" : "1"
        }, 
        {
            "sd_name" : "pdf", 
            "sd_id" : "303002", 
            "sd_status" : "1"
        }
    ]
}
{ 
    "_id" : ObjectId("5ad020f868db5200c84aee99"), 
    "d_name" : "教学管理员的文件标签", 
    "d_type" : "304", 
    "d_value" : [
        {
            "sd_name" : "课程图片", 
            "sd_id" : "304001", 
            "sd_status" : "1"
        }, 
        {
            "sd_name" : "课程轮播图", 
            "sd_id" : "304002", 
            "sd_status" : "1"
        }
    ]
}
{ 
    "_id" : ObjectId("5aec33460e66187d7408f61c"), 
    "d_name" : "课程统计指标", 
    "d_type" : "601", 
    "d_value" : [
        {
            "sd_name" : "课程时长", 
            "sd_id" : "601001", 
            "sd_status" : "1"
        }, 
        {
            "sd_name" : "课程评分", 
            "sd_id" : "601002", 
            "sd_status" : "1"
        }, 
        {
            "sd_name" : "收藏人数", 
            "sd_id" : "601003", 
            "sd_status" : "1"
        }, 
        {
            "sd_name" : "学生人数", 
            "sd_id" : "601004", 
            "sd_status" : "1"
        }
    ]
}
{ 
    "_id" : ObjectId("5aec33820e66187d7408f61d"), 
    "d_name" : "企业统计指标", 
    "d_type" : "602", 
    "d_value" : [
        {
            "sd_name" : "好评度", 
            "sd_id" : "602001", 
            "sd_status" : "1"
        }, 
        {
            "sd_name" : "课程数", 
            "sd_id" : "602002", 
            "sd_status" : "1"
        }, 
        {
            "sd_name" : "学生数", 
            "sd_id" : "602003", 
            "sd_status" : "1"
        }
    ]
}
{ 
    "_id" : ObjectId("5b0d79e7c5e9b759f81dbcf1"), 
    "d_name" : "任务类型", 
    "d_type" : "106", 
    "d_value" : [
        {
            "sd_name" : "添加选课", 
            "sd_id" : "106001", 
            "sd_status" : "1"
        }
    ]
}
