<?xml version="1.0" encoding="UTF-8" ?>
<!DOCTYPE mapper PUBLIC "-//mybatis.org//DTD Mapper 3.0//EN" "http://mybatis.org/dtd/mybatis-3-mapper.dtd" >
<mapper namespace="com.xuecheng.manage_course.dao.CategoryMapper">

    <resultMap id="categoryResultMap" type="com.xuecheng.framework.domain.course.ext.CategoryNode">
        <id column="one_id" property="id"/>
        <result column="one_name" property="name"/>
        <result column="one_label" property="label"/>
        <result column="one_parentid" property="parentid"/>
        <result column="one_isshow" property="isshow"/>
        <result column="one_isleaf" property="isleaf"/>
        <collection property="children" ofType="com.xuecheng.framework.domain.course.ext.CategoryNode">
            <id column="two_id" property="id"/>
            <result column="two_name" property="name"/>
            <result column="two_label" property="label"/>
            <result column="two_parentid" property="parentid"/>
            <result column="two_isshow" property="isshow"/>
            <result column="two_isleaf" property="isleaf"/>
            <collection property="children" ofType="com.xuecheng.framework.domain.course.ext.CategoryNode">
                <id column="three_id" property="id"/>
                <result column="three_name" property="name"/>
                <result column="three_label" property="label"/>
                <result column="three_parentid" property="parentid"/>
                <result column="three_isshow" property="isshow"/>
                <result column="three_isleaf" property="isleaf"/>
            </collection>
        </collection>
    </resultMap>

    <select id="findCategoryList" resultMap="categoryResultMap">
        SELECT
            a.id one_id,
            a.name one_name,
            a.label one_label,
            a.parentid one_parentid,
            a.isshow one_isshow,
            a.isleaf one_isleaf,
            b.id two_id,
            b.name two_name,
            b.label two_label,
            b.parentid two_parentid,
            b.isshow two_isshow,
            b.isleaf two_isleaf,
            c.id three_id,
            c.name three_name,
            c.label three_label,
            c.parentid three_parentid,
            c.isshow three_isshow,
            c.isleaf three_isleaf
        FROM
            category a
        LEFT JOIN category b ON b.parentid = a.id
        LEFT JOIN category c ON c.parentid = b.id
        WHERE
            a.parentid = '0'
        ORDER BY
            a.orderby,
            b.orderby,
            c.orderby
    </select>
</mapper>