<?xml version="1.0" encoding="UTF-8" ?>
<!DOCTYPE mapper PUBLIC "-//mybatis.org//DTD Mapper 3.0//EN" "http://mybatis.org/dtd/mybatis-3-mapper.dtd" >
<mapper namespace="com.xuecheng.manage_course.dao.TeachplanMapper">

    <resultMap id="teachPlanResultMap" type="com.xuecheng.framework.domain.course.ext.TeachplanNode">
        <id column="one_id" property="id"/>
        <result column="one_pname" property="pname"/>
        <result column="one_grade" property="grade"/>
        <collection property="children" ofType="com.xuecheng.framework.domain.course.ext.TeachplanNode">
            <id column="two_id" property="id"/>
            <result column="two_pname" property="pname"/>
            <result column="two_grade" property="grade"/>
            <collection property="children" ofType="com.xuecheng.framework.domain.course.ext.TeachplanNode">
                <id column="three_id" property="id"/>
                <result column="three_pname" property="pname"/>
                <result column="three_grade" property="grade"/>
                <result column="media_id" property="mediaId"/>
                <result column="media_fileoriginalname" property="mediaFileOriginalName"/>
            </collection>
        </collection>
    </resultMap>

    <select id="findTeachListById" parameterType="java.lang.String"
            resultMap="teachPlanResultMap">
        SELECT
            a.id one_id,
            a.pname one_pname,
            a.grade one_grade,
            b.id two_id,
            b.pname two_pname,
            b.grade two_grade,
            c.id three_id,
            c.pname three_pname,
            c.grade three_grade,
            m.media_id,
            m.media_fileoriginalname
        FROM
            teachplan a
        LEFT JOIN teachplan b ON b.parentid = a.id
        LEFT JOIN teachplan c ON c.parentid = b.id
        LEFT JOIN teachplan_media m ON c.id = m.teachplan_id
        WHERE
            a.parentid = '0'
            <if test="_parameter != null and _parameter != ''">
                AND a.courseid = #{courseId}
            </if>
        ORDER BY
            a.orderby,
            b.orderby,
            c.orderby
    </select>
</mapper>